weather_date,storm_day_before,rain_intensity,max_temp_day,max_rain_day,heat_intensity,average_temp_day,average_rain_day
2021-09-09,1,no_rain,23.7,0.2,mild,20.75,0.01
2019-09-09,1,no_rain,25.8,0.0,mild,19.39,0.0
2021-08-09,1,no_rain,21.9,0.0,cold,18.25,0.0
2019-08-09,1,no_rain,21.5,0.2,cold,19.15,0.01
2018-08-09,1,no_rain,20.1,0.2,cold,16.28,0.01
2017-08-09,1,no_rain,25.7,0.2,mild,18.41,0.01
2021-07-09,1,no_rain,21.3,0.0,cold,16.63,0.0
2019-07-09,1,no_rain,20.6,0.2,cold,12.25,0.01
2021-06-09,1,moderate,23.3,9.6,mild,20.4,2.92
2017-06-09,1,weak,20.3,1.2,cold,16.4,0.07
2019-05-09,1,no_rain,23.8,0.8,mild,20.5,0.11
2018-05-09,1,moderate,22.9,4.2,mild,20.14,0.2
2017-05-09,1,no_rain,26.7,0.0,mild,20.95,0.0
2021-04-09,1,no_rain,27.9,0.0,warm,23.13,0.0
2019-04-09,1,no_rain,24.8,0.0,mild,20.07,0.0
2018-04-09,1,no_rain,28.5,0.2,warm,23.58,0.01
2018-03-09,1,no_rain,27.1,0.0,warm,22.34,0.0
2018-02-09,1,weak,29.8,2.0,warm,25.88,0.1
2017-02-09,1,no_rain,28.8,0.0,warm,24.89,0.0
2021-12-09,1,no_rain,23.1,0.0,mild,20.25,0.0
2020-12-09,1,no_rain,23.9,0.2,heavy_cold,20.06,0.01
2016-12-09,1,no_rain,23.0,0.8,mild,21.58,0.12
2019-11-09,1,weak,23.6,1.6,mild,21.75,0.24
2018-11-09,1,moderate,23.9,3.2,mild,20.88,0.52
2019-10-09,1,no_rain,25.0,0.0,mild,20.64,0.0
2018-10-09,1,no_rain,28.4,0.0,warm,22.7,0.0
2021-09-08,1,moderate,20.0,6.4,cold,19.4,1.26
2017-09-08,1,no_rain,24.2,0.0,mild,20.44,0.0
2019-08-08,1,no_rain,28.3,0.0,warm,19.86,0.0
2018-08-08,1,weak,21.2,2.4,cold,15.91,0.12
2017-08-08,1,moderate,24.4,3.4,mild,17.88,0.22
2021-07-08,1,no_rain,22.3,0.0,mild,17.14,0.0
2019-07-08,1,no_rain,19.5,0.0,cold,10.69,0.0
2021-06-08,1,no_rain,20.7,1.0,cold,17.85,0.27
2018-06-08,1,no_rain,19.3,0.2,cold,12.26,0.01
2017-06-08,1,no_rain,24.5,0.4,mild,20.22,0.05
2019-05-08,1,no_rain,22.9,0.0,mild,20.58,0.0
2018-05-08,1,no_rain,22.8,0.4,mild,19.56,0.05
2017-05-08,1,moderate,24.7,2.6,mild,20.25,0.18
2021-04-08,1,weak,26.2,2.2,mild,22.6,0.28
2019-04-08,1,moderate,22.6,3.0,mild,20.38,0.78
2019-03-08,1,moderate,33.4,3.4,heavy_warm,26.79,0.14
2018-03-08,1,no_rain,26.1,0.0,mild,22.47,0.0
2018-02-08,1,no_rain,30.1,0.2,warm,24.49,0.01
2017-02-08,1,no_rain,26.1,0.0,mild,23.77,0.0
2021-12-08,1,no_rain,24.7,0.2,mild,21.7,0.01
2017-12-08,1,no_rain,29.3,0.6,warm,24.62,0.05
2016-12-08,1,weak,25.4,1.6,mild,22.11,0.07
2019-11-08,1,no_rain,24.8,0.8,mild,21.56,0.05
2018-11-08,1,no_rain,24.0,0.4,mild,21.0,0.03
2017-11-08,1,weak,22.7,1.8,mild,19.92,0.17
2019-10-08,1,no_rain,26.3,0.2,mild,19.91,0.01
2018-10-08,1,moderate,21.2,6.2,cold,19.58,0.49
2017-09-07,1,no_rain,25.5,0.0,mild,20.53,0.0
2019-08-07,1,no_rain,24.7,0.0,mild,19.2,0.0
2018-08-07,1,no_rain,20.6,0.2,cold,13.28,0.01
2017-08-07,1,no_rain,22.2,0.0,mild,16.69,0.0
2021-07-07,1,weak,22.2,1.6,mild,17.02,0.1
2017-07-07,1,no_rain,21.8,0.2,cold,17.61,0.01
2021-06-07,1,weak,18.0,2.4,cold,17.17,0.68
2019-06-07,1,no_rain,24.1,0.2,mild,18.33,0.02
2018-06-07,1,weak,15.0,1.4,heavy_cold,12.21,0.1
2017-06-07,1,weak,20.4,1.2,cold,19.45,0.08
2021-05-07,1,weak,21.8,2.2,cold,17.21,0.32
2019-05-07,1,weak,24.0,1.2,mild,22.09,0.08
2018-05-07,1,no_rain,24.8,0.6,mild,21.94,0.08
2021-04-07,1,moderate,25.5,3.8,mild,21.7,0.33
2017-04-07,1,no_rain,26.1,0.4,mild,21.26,0.03
2019-03-07,1,no_rain,30.2,0.4,warm,25.82,0.04
2018-03-07,1,no_rain,25.4,0.0,mild,23.25,0.0
2018-02-07,1,no_rain,29.2,0.0,warm,23.5,0.0
2017-02-07,1,no_rain,27.4,0.0,warm,25.3,0.0
2021-12-07,1,moderate,24.7,5.0,mild,22.06,0.23
2018-12-07,1,no_rain,22.6,0.0,mild,20.59,0.0
2016-12-07,1,no_rain,30.3,0.0,warm,22.99,0.0
2019-11-07,1,moderate,22.0,4.2,cold,20.02,0.27
2018-11-07,1,moderate,23.3,3.6,mild,21.25,0.34
2017-11-07,1,no_rain,23.2,0.0,mild,19.86,0.0
2020-10-07,1,no_rain,24.6,0.6,mild,19.94,0.02
2019-10-07,1,moderate,21.0,3.0,cold,18.02,0.28
2019-09-06,1,weak,14.5,2.4,heavy_cold,12.94,0.42
2017-09-06,1,no_rain,21.5,0.0,cold,18.69,0.0
2021-08-06,1,no_rain,21.1,0.0,cold,17.33,0.0
2019-08-06,1,no_rain,20.3,0.2,cold,16.58,0.04
2018-08-06,1,no_rain,19.9,0.0,cold,13.7,0.0
2021-07-06,1,moderate,20.0,4.2,cold,15.63,0.32
2017-07-06,1,no_rain,21.9,0.2,cold,16.57,0.01
2019-06-06,1,no_rain,20.3,0.2,cold,16.35,0.02
2018-06-06,1,no_rain,20.5,0.0,cold,14.44,0.0
2017-06-06,1,moderate,20.5,9.6,cold,19.1,0.82
2021-05-06,1,moderate,20.1,4.8,cold,18.01,1.0
2019-05-06,1,no_rain,29.9,0.0,warm,24.65,0.0
2021-04-06,1,weak,25.6,2.4,mild,22.03,0.36
2018-04-06,1,no_rain,26.4,0.0,mild,21.11,0.0
2017-04-06,1,no_rain,25.7,0.2,mild,22.4,0.01
2018-03-06,1,no_rain,31.2,0.0,warm,24.92,0.0
2018-02-06,1,no_rain,28.7,0.2,warm,22.51,0.01
2017-02-06,1,no_rain,30.7,0.2,warm,26.02,0.01
2021-12-06,1,moderate,24.7,3.4,mild,21.61,0.45
2018-12-06,1,no_rain,25.2,0.0,mild,21.48,0.0
2016-12-06,1,no_rain,29.7,0.0,warm,21.44,0.0
2018-11-06,1,no_rain,24.9,0.0,mild,20.1,0.0
2017-11-06,1,no_rain,22.7,0.0,mild,19.17,0.0
2019-10-06,1,moderate,20.7,3.2,cold,17.97,0.49
2017-10-06,1,heavy,27.1,12.0,warm,21.26,0.65
2019-09-05,1,no_rain,14.2,0.0,heavy_cold,13.4,0.0
2017-09-05,1,no_rain,27.4,0.0,warm,20.59,0.0
2021-08-05,1,weak,19.5,1.4,cold,17.26,0.29
2019-08-05,1,no_rain,18.7,0.0,cold,11.55,0.0
2021-07-05,1,no_rain,21.2,0.0,cold,16.87,0.0
2019-07-05,1,no_rain,16.6,0.0,cold,11.85,0.0
2017-07-05,1,no_rain,22.4,0.4,mild,17.29,0.02
2020-06-05,1,moderate,19.9,4.8,cold,18.06,0.68
2018-06-05,1,moderate,16.7,4.6,cold,15.27,0.49
2017-06-05,1,heavy,20.9,26.6,cold,19.14,3.44
2021-05-05,1,no_rain,23.8,0.0,mild,21.82,0.0
2017-05-05,1,no_rain,25.6,1.0,mild,21.26,0.07
2021-04-05,1,no_rain,28.0,0.0,warm,23.58,0.0
2019-04-05,1,moderate,31.4,2.8,warm,25.82,0.17
2018-04-05,1,no_rain,26.2,0.6,mild,21.53,0.03
2017-04-05,1,moderate,25.4,5.6,mild,22.83,0.82
2018-03-05,1,no_rain,31.1,0.0,warm,24.94,0.0
2018-02-05,1,no_rain,26.8,0.0,mild,22.48,0.0
2021-12-05,1,heavy,26.2,14.6,mild,22.96,1.09
2018-12-05,1,no_rain,31.4,0.0,warm,22.71,0.0
2017-12-05,1,no_rain,27.7,0.0,warm,23.5,0.0
2016-12-05,1,no_rain,28.6,0.0,warm,21.14,0.0
2021-11-05,1,weak,26.1,2.0,mild,23.15,0.21
2019-11-05,1,moderate,24.1,3.2,mild,22.57,0.32
2018-11-05,1,no_rain,23.3,0.4,mild,20.5,0.02
2021-10-05,1,no_rain,19.5,0.0,cold,17.53,0.0
2019-10-05,1,no_rain,27.2,0.2,warm,21.78,0.01
2018-10-05,1,no_rain,21.4,0.0,cold,18.6,0.0
2017-10-05,1,no_rain,24.4,0.2,mild,18.7,0.01
2019-09-04,1,no_rain,17.3,0.2,cold,15.32,0.02
2017-09-04,1,no_rain,25.6,0.0,mild,20.59,0.0
2021-08-04,1,no_rain,19.3,0.0,cold,15.63,0.0
2017-08-04,1,no_rain,21.6,0.0,cold,16.75,0.0
2019-07-04,1,no_rain,18.2,0.2,cold,13.64,0.01
2017-07-04,1,no_rain,20.6,0.8,cold,15.38,0.1
2020-06-04,1,no_rain,19.1,0.2,cold,16.58,0.03
2019-06-04,1,no_rain,21.9,0.0,cold,16.07,0.0
2018-06-04,1,no_rain,16.3,0.2,cold,12.8,0.01
2021-05-04,1,no_rain,27.5,0.0,warm,22.85,0.0
2018-05-04,1,no_rain,30.1,0.0,warm,23.67,0.0
2017-05-04,1,no_rain,24.4,0.2,mild,20.02,0.02
2019-04-04,1,no_rain,29.5,0.0,warm,24.9,0.0
2018-04-04,1,weak,27.5,1.6,warm,23.03,0.08
2017-04-04,1,weak,27.5,2.4,warm,22.84,0.14
2018-12-04,1,no_rain,30.5,1.0,warm,21.88,0.07
2017-12-04,1,no_rain,27.3,0.4,warm,23.75,0.04
2020-11-04,1,no_rain,23.9,0.2,heavy_cold,20.06,0.01
2019-11-04,1,no_rain,24.5,0.6,mild,22.12,0.05
2019-10-04,1,no_rain,23.9,0.8,mild,20.26,0.05
2018-10-04,1,heavy,22.3,15.0,mild,18.83,1.12
2017-10-04,1,no_rain,26.3,0.0,mild,18.27,0.0
2021-08-31,1,no_rain,22.3,0.2,mild,19.41,0.01
2017-08-31,1,no_rain,21.4,0.2,cold,18.15,0.01
2019-07-31,1,no_rain,20.2,0.2,cold,16.45,0.01
2018-07-31,1,no_rain,15.8,0.2,cold,14.72,0.02
2017-07-31,1,no_rain,24.7,0.0,mild,18.95,0.0
2021-05-31,1,no_rain,20.1,0.0,cold,16.67,0.0
2019-05-31,1,moderate,20.5,4.2,cold,19.29,1.2
2018-05-31,1,no_rain,23.8,0.2,mild,18.29,0.01
2017-05-31,1,moderate,17.6,9.2,cold,16.96,2.42
2017-03-31,1,no_rain,26.4,0.0,mild,21.72,0.0
2019-10-31,1,no_rain,30.2,0.0,warm,24.49,0.0
2018-10-31,1,moderate,21.8,8.6,cold,20.78,0.55
2017-10-31,1,no_rain,27.1,0.0,warm,22.4,0.0
2016-10-31,1,no_rain,22.3,0.2,mild,19.85,0.01
2018-01-31,1,no_rain,26.7,1.0,mild,22.82,0.08
2017-01-31,1,moderate,24.4,10.0,mild,22.86,2.38
2020-08-31,1,no_rain,19.2,0.4,cold,17.52,0.06
2016-08-31,1,no_rain,25.5,0.6,mild,20.75,0.11
2022-01-31,0,no_rain,23.9,0.2,heavy_cold,20.06,0.01
2021-01-31,1,no_rain,32.8,0.0,heavy_warm,27.1,0.0
2020-09-30,1,no_rain,27.4,0.2,warm,21.32,0.01
2019-09-30,1,no_rain,22.0,0.4,cold,20.0,0.04
2021-08-30,1,weak,21.1,2.2,cold,17.32,0.29
2019-08-30,1,no_rain,24.9,0.0,mild,19.38,0.0
2017-08-30,1,no_rain,29.8,0.0,warm,21.47,0.0
2021-07-30,1,no_rain,17.3,0.0,cold,9.83,0.0
2019-07-30,1,no_rain,21.7,0.8,cold,18.49,0.03
2018-07-30,1,no_rain,19.0,0.0,cold,16.46,0.0
2021-06-30,1,no_rain,18.2,0.0,cold,12.73,0.0
2017-06-30,1,no_rain,25.3,0.2,mild,17.83,0.01
2019-05-30,1,moderate,20.4,8.6,cold,19.1,2.24
2018-05-30,1,no_rain,24.4,0.6,mild,19.24,0.02
2017-05-30,1,moderate,21.0,3.6,cold,18.74,0.64
2021-04-30,1,no_rain,24.9,0.0,mild,20.34,0.0
2019-04-30,1,no_rain,25.5,0.0,mild,19.79,0.0
2018-04-30,1,no_rain,30.3,0.0,warm,24.88,0.0
2018-03-30,1,heavy,27.4,16.4,warm,23.22,1.11
2017-03-30,1,no_rain,25.9,0.4,mild,21.24,0.03
2021-11-30,1,no_rain,28.9,0.0,warm,24.51,0.0
2018-11-30,1,moderate,28.6,6.8,warm,23.08,0.38
2017-11-30,1,no_rain,24.1,0.0,mild,21.19,0.0
2016-11-30,1,no_rain,25.1,0.0,mild,20.66,0.0
2021-10-30,1,moderate,21.2,4.2,cold,20.09,0.95
2019-10-30,1,no_rain,34.0,0.0,heavy_warm,24.88,0.0
2018-10-30,1,no_rain,24.3,0.4,mild,20.66,0.03
2017-10-30,1,no_rain,24.1,0.8,mild,21.32,0.03
2018-01-30,1,no_rain,29.6,0.2,warm,23.18,0.01
2017-01-30,1,moderate,27.3,2.8,warm,24.73,0.29
2016-09-30,1,no_rain,19.0,0.0,cold,17.2,0.0
2016-08-30,1,weak,22.8,1.6,mild,19.22,0.21
2016-06-30,1,no_rain,16.8,0.0,cold,15.4,0.0
2021-01-30,1,no_rain,28.4,0.2,warm,25.82,0.03
2021-09-03,1,no_rain,27.8,0.6,warm,20.29,0.02
2019-09-03,1,no_rain,19.8,0.0,cold,16.42,0.0
2021-08-03,1,no_rain,17.8,0.4,cold,14.09,0.03
2018-08-03,1,moderate,18.5,3.2,cold,16.68,0.62
2017-08-03,1,moderate,22.2,4.0,mild,18.37,0.88
2019-07-03,1,no_rain,18.3,0.0,cold,16.11,0.0
2017-07-03,1,weak,19.1,1.4,cold,13.34,0.08
2019-06-03,1,moderate,22.8,2.6,mild,19.64,0.13
2021-05-03,1,no_rain,26.5,0.0,mild,22.07,0.0
2019-05-03,1,no_rain,29.4,0.0,warm,23.13,0.0
2018-05-03,1,moderate,25.6,9.2,mild,22.62,0.59
2017-05-03,1,weak,24.5,1.6,mild,20.06,0.14
2019-04-03,1,no_rain,30.7,0.0,warm,24.29,0.0
2018-04-03,1,no_rain,28.3,0.0,warm,23.55,0.0
2017-04-03,1,weak,25.8,1.8,mild,21.8,0.29
2017-02-03,1,no_rain,29.8,0.4,warm,25.51,0.02
2021-12-03,1,no_rain,23.5,0.2,mild,20.97,0.02
2018-12-03,1,no_rain,22.8,0.0,mild,20.32,0.0
2019-11-03,1,weak,30.7,2.4,warm,24.81,0.24
2017-11-03,1,no_rain,23.7,0.0,mild,20.18,0.0
2019-10-03,1,moderate,21.7,4.4,cold,20.22,0.22
2018-10-03,1,moderate,22.4,3.6,mild,20.6,0.36
2017-10-03,1,no_rain,25.1,0.6,mild,19.9,0.03
2019-09-29,1,no_rain,22.9,0.0,mild,18.75,0.0
2017-09-29,1,moderate,19.5,6.0,cold,18.24,0.54
2019-08-29,1,no_rain,22.8,0.0,mild,18.94,0.0
2017-08-29,1,no_rain,24.7,0.0,mild,19.92,0.0
2021-07-29,1,no_rain,14.4,0.0,heavy_cold,9.56,0.0
2019-07-29,1,no_rain,23.7,0.0,mild,17.77,0.0
2021-06-29,1,moderate,15.9,4.4,cold,10.95,0.64
2018-06-29,1,no_rain,22.0,0.0,cold,18.62,0.0
2017-06-29,1,no_rain,25.3,0.2,mild,17.9,0.01
2019-05-29,1,no_rain,23.5,0.2,mild,19.25,0.01
2018-05-29,1,moderate,23.9,3.4,mild,18.81,0.29
2017-05-29,1,no_rain,24.9,0.0,mild,20.7,0.0
2021-04-29,1,no_rain,24.0,0.0,mild,20.0,0.0
2019-04-29,1,weak,25.4,1.6,mild,20.82,0.12
2019-03-29,1,heavy,24.9,13.0,mild,21.56,1.6
2018-03-29,1,heavy,26.7,12.4,mild,23.66,0.99
2017-03-29,1,no_rain,24.6,0.2,mild,21.65,0.01
2021-11-29,1,no_rain,30.6,0.0,warm,25.92,0.0
2019-11-29,1,no_rain,25.7,0.0,mild,20.4,0.0
2018-11-29,1,weak,24.9,1.4,mild,22.42,0.18
2017-11-29,1,no_rain,26.6,0.0,mild,22.63,0.0
2016-11-29,1,heavy,22.0,13.6,cold,20.42,0.79
2021-10-29,1,heavy,21.2,28.4,cold,19.98,2.11
2019-10-29,1,no_rain,29.9,0.0,warm,23.71,0.0
2018-10-29,1,no_rain,20.8,0.8,cold,18.31,0.1
2018-01-29,1,heavy,27.6,11.2,warm,24.72,0.59
2020-09-29,1,no_rain,21.6,0.0,cold,18.99,0.0
2016-09-29,1,no_rain,23.9,0.0,mild,18.68,0.0
2016-08-29,1,no_rain,22.9,0.2,mild,17.83,0.01
2016-07-29,1,no_rain,17.1,0.0,cold,13.85,0.0
2016-06-29,1,no_rain,22.5,0.0,mild,15.55,0.0
2021-05-29,1,heavy,22.0,11.8,cold,19.17,1.06
2021-01-29,1,heavy,29.5,13.0,warm,25.06,1.3
2019-09-28,1,no_rain,20.1,0.0,cold,17.98,0.0
2017-09-28,1,weak,23.1,1.8,mild,19.85,0.12
2017-08-28,1,no_rain,23.6,0.0,mild,18.75,0.0
2021-07-28,1,no_rain,14.6,0.0,heavy_cold,11.73,0.0
2017-07-28,1,no_rain,22.9,0.2,mild,17.3,0.01
2021-06-28,1,moderate,15.9,4.8,cold,13.01,1.47
2019-06-28,1,no_rain,22.9,0.0,mild,17.92,0.0
2018-06-28,1,no_rain,23.7,0.2,mild,17.92,0.01
2017-06-28,1,no_rain,25.5,0.2,mild,18.79,0.01
2021-05-28,1,no_rain,21.9,0.0,cold,16.5,0.0
2018-05-28,1,no_rain,24.6,0.2,mild,18.45,0.01
2021-04-28,1,no_rain,23.9,0.0,mild,19.67,0.0
2017-04-28,1,no_rain,22.5,0.0,mild,14.8,0.0
2018-03-28,1,no_rain,27.6,0.0,warm,23.69,0.0
2017-03-28,1,moderate,25.3,5.6,mild,21.55,0.73
2019-02-28,1,no_rain,28.3,0.0,warm,22.64,0.0
2018-02-28,1,no_rain,29.9,0.6,warm,23.35,0.03
2019-11-28,1,weak,25.7,1.2,mild,21.97,0.08
2018-11-28,1,no_rain,24.7,0.4,mild,21.88,0.03
2017-11-28,1,no_rain,28.8,0.0,warm,22.72,0.0
2016-11-28,1,heavy,31.9,17.8,warm,24.65,1.55
2021-10-28,1,weak,24.6,2.0,mild,21.74,0.09
2019-10-28,1,weak,26.6,2.2,mild,21.87,0.24
2016-10-28,1,no_rain,23.6,0.0,mild,18.47,0.0
2020-09-28,1,moderate,26.8,4.8,mild,21.37,0.39
2016-09-28,1,no_rain,24.6,0.0,mild,17.54,0.0
2021-08-28,1,no_rain,20.0,0.2,cold,16.77,0.01
2016-07-28,1,no_rain,17.4,0.0,cold,12.05,0.0
2016-06-28,1,no_rain,21.3,0.0,cold,15.68,0.0
2021-02-28,1,moderate,25.5,4.8,mild,23.61,0.92
2022-01-28,0,no_rain,23.9,0.2,heavy_cold,20.06,0.01
2019-09-27,1,no_rain,24.7,0.2,mild,19.17,0.01
2017-09-27,1,no_rain,28.1,0.0,warm,21.1,0.0
2021-08-27,1,no_rain,19.0,0.0,cold,16.48,0.0
2019-08-27,1,no_rain,20.5,0.0,cold,17.96,0.0
2021-07-27,1,moderate,19.1,4.0,cold,16.39,0.32
2017-07-27,1,no_rain,24.5,0.0,mild,18.54,0.0
2019-06-27,1,no_rain,16.8,0.4,cold,14.06,0.04
2018-06-27,1,no_rain,20.0,0.8,cold,16.83,0.09
2017-06-27,1,no_rain,23.8,0.0,mild,18.39,0.0
2021-05-27,1,no_rain,22.8,0.2,mild,16.2,0.01
2019-05-27,1,no_rain,23.5,0.2,mild,17.77,0.01
2021-04-27,1,no_rain,23.1,0.0,mild,19.13,0.0
2018-04-27,1,no_rain,28.0,0.2,warm,22.9,0.01
2017-04-27,1,no_rain,22.4,0.0,mild,17.07,0.0
2019-03-27,1,no_rain,24.2,0.2,mild,21.73,0.01
2018-03-27,1,moderate,26.2,2.6,mild,21.54,0.27
2017-03-27,1,moderate,25.8,3.2,mild,22.12,0.31
2019-02-27,1,weak,23.1,2.2,mild,21.31,0.36
2018-02-27,1,moderate,30.4,2.8,warm,23.98,0.16
2018-11-27,1,no_rain,25.5,0.0,mild,21.95,0.0
2017-11-27,1,no_rain,26.1,0.4,mild,22.01,0.02
2021-10-27,1,no_rain,27.0,0.0,mild,22.34,0.0
2019-10-27,1,heavy,27.1,19.0,warm,23.38,0.87
2016-10-27,1,no_rain,27.5,0.2,warm,23.32,0.02
2017-01-27,1,moderate,26.7,4.4,mild,23.05,0.19
2016-09-27,1,no_rain,22.6,0.0,mild,16.34,0.0
2016-07-27,1,no_rain,21.1,0.0,cold,16.62,0.0
2016-06-27,1,no_rain,22.6,0.2,mild,15.98,0.02
2021-02-27,1,moderate,27.7,9.8,warm,24.73,1.6
2022-01-27,0,no_rain,23.9,0.2,heavy_cold,20.06,0.01
2021-01-27,1,weak,30.4,1.2,warm,26.13,0.1
2019-09-26,1,no_rain,23.8,0.2,mild,19.1,0.01
2017-09-26,1,no_rain,25.2,0.0,mild,20.64,0.0
2021-08-26,1,weak,20.8,2.0,cold,18.85,0.16
2019-08-26,1,no_rain,19.7,0.2,cold,16.64,0.02
2021-07-26,1,no_rain,26.1,0.0,mild,20.18,0.0
2019-07-26,1,no_rain,22.0,0.0,cold,19.07,0.0
2017-07-26,1,no_rain,26.4,0.2,mild,17.26,0.01
2019-06-26,1,moderate,18.3,4.8,cold,15.22,1.18
2018-06-26,1,moderate,18.1,4.2,cold,16.99,0.6
2017-06-26,1,no_rain,22.6,0.2,mild,16.3,0.01
2021-05-26,1,no_rain,20.9,0.2,cold,15.12,0.01
2021-04-26,1,no_rain,24.6,0.4,mild,21.38,0.02
2019-04-26,1,no_rain,27.9,0.0,warm,23.65,0.0
2018-04-26,1,no_rain,27.9,0.2,warm,22.1,0.01
2017-04-26,1,heavy,25.9,16.2,mild,22.77,0.82
2019-03-26,1,no_rain,23.1,0.0,mild,21.98,0.0
2018-03-26,1,heavy,25.1,15.0,mild,20.63,1.36
2018-02-26,1,moderate,29.9,5.2,warm,24.08,0.22
2021-11-26,1,moderate,28.3,7.8,warm,24.14,0.72
2019-11-26,1,no_rain,22.2,0.0,mild,19.41,0.0
2021-10-26,1,no_rain,28.8,0.0,warm,21.73,0.0
2019-10-26,1,no_rain,25.2,0.4,mild,22.06,0.03
2018-10-26,1,weak,21.7,1.4,cold,20.52,0.37
2017-10-26,1,moderate,27.8,3.6,warm,21.99,0.38
2016-10-26,1,moderate,22.4,7.2,mild,20.87,2.22
2018-01-26,1,no_rain,24.2,0.0,mild,22.76,0.0
2017-01-26,1,heavy,29.3,19.2,warm,24.82,0.96
2016-09-26,1,no_rain,22.7,0.0,mild,16.9,0.0
2016-08-26,1,no_rain,19.6,0.0,cold,17.1,0.0
2016-07-26,1,no_rain,22.1,0.0,mild,17.48,0.0
2021-06-26,1,no_rain,21.7,0.0,cold,18.72,0.0
2021-02-26,1,heavy,27.3,10.8,warm,22.86,0.78
2022-01-26,0,no_rain,23.9,0.2,heavy_cold,20.06,0.01
2019-09-25,1,no_rain,21.8,0.0,cold,18.22,0.0
2017-09-25,1,no_rain,23.7,0.6,mild,20.48,0.02
2021-08-25,1,no_rain,22.2,0.4,mild,19.42,0.02
2017-08-25,1,no_rain,23.1,0.2,mild,18.78,0.01
2019-07-25,1,no_rain,21.8,0.0,cold,18.89,0.0
2017-07-25,1,no_rain,29.1,0.0,warm,19.78,0.0
2021-06-25,1,no_rain,20.4,0.0,cold,17.5,0.0
2019-06-25,1,no_rain,28.0,0.2,warm,19.35,0.01
2018-06-25,1,no_rain,23.0,0.2,mild,17.8,0.01
2021-05-25,1,no_rain,21.0,0.0,cold,14.79,0.0
2018-05-25,1,no_rain,20.0,0.0,cold,15.43,0.0
2017-05-25,1,no_rain,23.8,0.2,mild,19.56,0.01
2019-04-25,1,no_rain,27.7,0.2,warm,23.69,0.01
2018-04-25,1,no_rain,29.0,0.2,warm,22.18,0.01
2017-04-25,1,no_rain,23.9,0.6,mild,21.38,0.06
2019-03-25,1,no_rain,30.6,0.0,warm,24.25,0.0
2021-11-25,1,no_rain,25.6,0.0,mild,22.48,0.0
2020-11-25,1,no_rain,23.9,0.2,heavy_cold,20.06,0.01
2019-11-25,1,no_rain,24.4,0.0,mild,20.3,0.0
2016-11-25,1,no_rain,22.5,0.0,mild,20.27,0.0
2019-10-25,1,no_rain,26.5,0.2,mild,22.69,0.02
2018-10-25,1,moderate,20.4,3.0,cold,18.39,0.87
2017-10-25,1,moderate,20.3,6.0,cold,18.68,1.44
2016-10-25,1,moderate,21.9,6.6,cold,20.96,1.87
2018-01-25,1,no_rain,28.7,0.0,warm,24.67,0.0
2017-01-25,1,weak,31.3,2.4,warm,25.51,0.18
2020-09-25,1,no_rain,27.5,0.0,warm,21.04,0.0
2016-08-25,1,no_rain,23.1,0.0,mild,17.95,0.0
2016-07-25,1,no_rain,22.1,0.2,mild,15.46,0.01
2022-02-25,0,no_rain,23.9,0.2,heavy_cold,20.06,0.01
2021-02-25,1,heavy,24.9,18.8,mild,22.56,1.62
2022-01-25,0,no_rain,23.9,0.2,heavy_cold,20.06,0.01
2021-09-24,1,no_rain,21.2,0.2,cold,18.21,0.02
2019-09-24,1,no_rain,18.1,0.2,cold,15.99,0.01
2021-08-24,1,no_rain,23.8,0.0,mild,19.56,0.0
2018-08-24,1,moderate,18.3,6.0,cold,16.46,0.68
2017-08-24,1,no_rain,23.2,0.2,mild,18.19,0.03
2019-07-24,1,no_rain,25.8,0.2,mild,18.62,0.01
2017-07-24,1,no_rain,24.4,0.0,mild,18.57,0.0
2021-06-24,1,no_rain,20.6,0.2,cold,17.61,0.02
2019-06-24,1,no_rain,26.7,0.2,mild,18.78,0.01
2021-05-24,1,no_rain,22.0,0.0,cold,17.06,0.0
2019-05-24,1,moderate,20.3,3.8,cold,18.88,0.62
2018-05-24,1,no_rain,21.1,0.0,cold,14.18,0.0
2017-05-24,1,weak,22.7,1.6,mild,19.1,0.26
2019-04-24,1,moderate,23.9,3.4,mild,21.67,0.43
2018-04-24,1,no_rain,27.5,0.2,warm,21.73,0.01
2017-04-24,1,no_rain,24.7,0.4,mild,19.95,0.03
2017-03-24,1,heavy,27.8,14.4,warm,22.72,0.62
2017-02-24,1,no_rain,31.2,0.0,warm,24.77,0.0
2021-11-24,1,no_rain,23.8,0.0,mild,21.84,0.0
2019-11-24,1,no_rain,23.0,0.0,mild,19.82,0.0
2017-11-24,1,no_rain,28.6,0.2,warm,22.28,0.01
2016-11-24,1,no_rain,26.3,0.0,mild,21.06,0.0
2019-10-24,1,no_rain,26.3,0.0,mild,21.18,0.0
2018-10-24,1,weak,21.2,1.6,cold,19.45,0.28
2017-10-24,1,no_rain,23.5,0.0,mild,18.78,0.0
2016-10-24,1,no_rain,23.6,0.0,mild,21.81,0.0
2018-01-24,1,moderate,32.9,3.6,heavy_warm,25.07,0.28
2017-01-24,1,no_rain,31.1,0.0,warm,25.38,0.0
2020-09-24,1,no_rain,25.6,0.2,mild,19.99,0.01
2016-08-24,1,no_rain,21.0,0.0,cold,14.03,0.0
2016-06-24,1,no_rain,19.5,0.0,cold,15.38,0.0
2022-02-24,0,no_rain,23.9,0.2,heavy_cold,20.06,0.01
2021-02-24,1,weak,26.5,2.4,mild,24.45,0.22
2022-01-24,0,no_rain,23.9,0.2,heavy_cold,20.06,0.01
2021-09-23,1,no_rain,20.8,0.0,cold,17.92,0.0
2019-09-23,1,no_rain,19.7,0.0,cold,15.07,0.0
2017-09-23,1,no_rain,25.0,0.0,mild,21.74,0.0
2021-08-23,1,no_rain,23.1,0.2,mild,19.26,0.01
2019-08-23,1,moderate,22.9,3.2,mild,16.05,0.18
2018-08-23,1,no_rain,23.0,0.0,mild,16.64,0.0
2017-08-23,1,moderate,21.0,2.6,cold,17.3,0.25
2021-07-23,1,no_rain,21.9,0.2,cold,15.56,0.01
2021-06-23,1,weak,21.1,1.8,cold,16.81,0.08
2017-06-23,1,no_rain,23.5,0.2,mild,19.42,0.01
2019-05-23,1,no_rain,22.2,0.2,mild,20.6,0.02
2018-05-23,1,no_rain,21.2,0.0,cold,15.68,0.0
2017-05-23,1,no_rain,19.8,0.2,cold,16.39,0.01
2021-04-23,1,weak,24.0,2.2,mild,20.22,0.13
2019-04-23,1,no_rain,23.0,0.2,mild,21.2,0.03
2018-04-23,1,no_rain,28.1,0.2,warm,21.7,0.01
2018-03-23,1,weak,28.9,1.6,warm,23.44,0.12
2017-03-23,1,moderate,23.9,5.2,mild,21.52,0.69
2018-02-23,1,no_rain,28.1,0.0,warm,22.8,0.0
2017-02-23,1,heavy,33.3,12.8,heavy_warm,24.93,1.14
2021-11-23,1,no_rain,28.5,0.0,warm,23.5,0.0
2019-11-23,1,no_rain,26.4,1.0,mild,23.2,0.11
2018-11-23,1,no_rain,26.9,0.0,mild,23.83,0.0
2016-11-23,1,moderate,22.2,6.2,mild,19.75,0.48
2020-10-23,1,no_rain,24.9,0.2,mild,22.27,0.01
2018-10-23,1,no_rain,23.1,0.2,mild,20.15,0.02
2018-01-23,1,heavy,34.6,27.4,heavy_warm,24.9,1.38
2017-01-23,1,no_rain,30.2,0.8,warm,24.67,0.05
2020-09-23,1,no_rain,20.7,0.0,cold,17.07,0.0
2016-09-23,1,no_rain,25.8,0.4,mild,19.56,0.02
2016-08-23,1,no_rain,20.8,0.2,cold,11.6,0.01
2016-06-23,1,no_rain,19.8,0.0,cold,15.55,0.0
2022-02-23,0,no_rain,23.9,0.2,heavy_cold,20.06,0.01
2021-02-23,1,no_rain,31.8,0.2,warm,26.22,0.02
2021-09-22,1,no_rain,20.8,0.0,cold,17.88,0.0
2019-09-22,1,no_rain,22.5,0.0,mild,17.43,0.0
2017-09-22,1,no_rain,27.5,0.0,warm,22.35,0.0
2019-08-22,1,no_rain,18.9,0.0,cold,14.93,0.0
2018-08-22,1,weak,15.9,2.0,cold,13.82,0.45
2017-08-22,1,no_rain,18.8,0.0,cold,12.77,0.0
2021-07-22,1,no_rain,20.2,0.0,cold,14.59,0.0
2019-07-22,1,no_rain,24.0,0.0,mild,18.12,0.0
2021-06-22,1,no_rain,20.3,0.6,cold,17.28,0.06
2018-06-22,1,no_rain,18.1,0.2,cold,15.67,0.01
2017-06-22,1,no_rain,19.1,0.4,cold,16.63,0.06
2019-05-22,1,heavy,23.6,10.4,mild,20.73,0.53
2018-05-22,1,no_rain,22.3,0.2,mild,14.19,0.01
2017-05-22,1,moderate,23.4,3.2,mild,19.67,0.17
2021-04-22,1,moderate,24.1,3.0,mild,20.84,0.12
2019-04-22,1,moderate,22.1,4.6,mild,21.36,0.33
2019-03-22,1,no_rain,22.4,0.4,mild,19.98,0.03
2018-03-22,1,no_rain,23.7,0.0,mild,20.92,0.0
2017-03-22,1,moderate,24.4,3.6,mild,21.42,0.53
2019-02-22,1,no_rain,30.4,0.2,warm,24.87,0.01
2018-02-22,1,no_rain,29.2,0.0,warm,24.51,0.0
2017-02-22,1,no_rain,29.9,0.0,warm,25.51,0.0
2021-11-22,1,no_rain,26.0,0.0,mild,22.3,0.0
2019-11-22,1,no_rain,29.1,0.0,warm,24.94,0.0
2018-11-22,1,weak,26.9,1.4,mild,21.99,0.23
2017-11-22,1,no_rain,23.9,0.2,mild,21.15,0.02
2016-11-22,1,no_rain,23.6,0.0,mild,21.22,0.0
2020-10-22,1,weak,23.9,2.4,mild,21.68,0.29
2019-10-22,1,no_rain,24.0,0.0,mild,19.72,0.0
2018-10-22,1,no_rain,24.2,0.2,mild,19.38,0.03
2018-01-22,1,heavy,29.9,12.8,warm,24.24,0.88
2020-09-22,1,no_rain,19.2,0.0,cold,15.44,0.0
2016-09-22,1,no_rain,21.8,0.2,cold,16.79,0.01
2016-08-22,1,no_rain,17.3,0.2,cold,10.93,0.01
2016-07-22,1,no_rain,18.3,0.0,cold,13.1,0.0
2016-06-22,1,moderate,17.6,5.4,cold,14.49,0.85
2022-02-22,0,no_rain,23.9,0.2,heavy_cold,20.06,0.01
2021-02-22,1,no_rain,30.0,0.0,warm,25.62,0.0
2021-09-21,1,no_rain,21.7,0.2,cold,20.4,0.02
2019-09-21,1,no_rain,18.0,1.0,cold,16.31,0.05
2017-09-21,1,no_rain,25.1,0.0,mild,21.18,0.0
2018-08-21,1,weak,16.2,2.0,cold,14.22,0.38
2017-08-21,1,no_rain,18.4,0.2,cold,13.11,0.01
2021-07-21,1,no_rain,18.5,0.0,cold,13.4,0.0
2017-07-21,1,no_rain,23.9,0.0,mild,15.59,0.0
2021-06-21,1,no_rain,19.1,0.0,cold,15.78,0.0
2018-06-21,1,no_rain,23.9,0.2,mild,16.18,0.01
2017-06-21,1,no_rain,18.1,0.0,cold,14.7,0.0
2021-05-21,1,no_rain,21.7,0.2,cold,18.56,0.01
2019-05-21,1,no_rain,26.7,0.2,mild,20.98,0.01
2018-05-21,1,no_rain,21.4,0.0,cold,13.63,0.0
2017-04-21,1,no_rain,27.5,1.0,warm,23.23,0.14
2019-03-21,1,no_rain,24.2,0.0,mild,21.22,0.0
2018-03-21,1,no_rain,25.3,0.0,mild,21.88,0.0
2017-03-21,1,moderate,24.6,3.0,mild,20.43,0.34
2018-02-21,1,no_rain,30.6,0.4,warm,25.09,0.02
2017-02-21,1,no_rain,31.1,0.2,warm,26.3,0.02
2019-11-21,1,moderate,28.0,3.4,warm,23.85,0.29
2018-11-21,1,no_rain,25.0,0.0,mild,20.07,0.0
2017-11-21,1,moderate,27.4,3.8,warm,22.93,0.23
2016-11-21,1,no_rain,27.5,0.0,warm,21.68,0.0
2020-10-21,1,no_rain,26.9,0.0,mild,22.77,0.0
2019-10-21,1,moderate,19.5,4.0,cold,17.17,0.49
2016-10-21,1,no_rain,21.6,0.2,cold,19.49,0.01
2020-09-21,1,no_rain,18.0,0.0,cold,15.07,0.0
2016-09-21,1,no_rain,22.2,0.0,mild,16.29,0.0
2016-07-21,1,no_rain,16.7,0.0,cold,12.73,0.0
2016-06-21,1,no_rain,15.3,0.8,cold,12.54,0.05
2022-02-21,0,no_rain,23.9,0.2,heavy_cold,20.06,0.01
2021-02-21,1,no_rain,28.9,0.0,warm,24.91,0.0
2021-09-20,1,weak,25.6,1.6,mild,21.83,0.23
2019-09-20,1,moderate,20.5,9.6,cold,18.5,1.96
2017-09-20,1,no_rain,25.5,0.0,mild,21.59,0.0
2021-08-20,1,no_rain,25.6,0.0,mild,19.94,0.0
2019-08-20,1,no_rain,15.7,0.0,cold,13.42,0.0
2018-08-20,1,no_rain,18.3,0.0,cold,17.11,0.0
2021-07-20,1,no_rain,18.2,0.0,cold,12.24,0.0
2017-07-20,1,no_rain,21.0,0.0,cold,12.91,0.0
2018-06-20,1,no_rain,23.1,0.2,mild,17.66,0.01
2017-06-20,1,no_rain,16.2,0.4,cold,13.41,0.03
2021-05-20,1,no_rain,21.1,0.0,cold,17.25,0.0
2019-05-20,1,no_rain,26.5,0.0,mild,20.88,0.0
2021-04-20,1,moderate,24.6,7.6,mild,21.61,0.32
2018-04-20,1,no_rain,29.9,0.2,warm,21.61,0.01
2017-04-20,1,weak,24.9,1.4,mild,20.79,0.2
2019-03-20,1,no_rain,27.5,0.6,warm,23.83,0.02
2018-03-20,1,heavy,23.9,12.8,mild,21.72,1.19
2017-03-20,1,no_rain,25.0,0.4,mild,21.13,0.06
2019-02-20,1,no_rain,29.6,0.4,warm,24.49,0.03
2018-02-20,1,weak,28.7,1.8,warm,24.96,0.12
2017-02-20,1,no_rain,30.9,0.0,warm,26.91,0.0
2018-11-20,1,no_rain,24.1,0.0,mild,19.87,0.0
2017-11-20,1,no_rain,23.6,0.0,mild,20.89,0.0
2020-10-20,1,no_rain,27.0,0.2,mild,23.14,0.03
2019-10-20,1,no_rain,22.8,0.0,mild,18.65,0.0
2017-10-20,1,no_rain,23.1,0.6,mild,20.96,0.02
2016-10-20,1,moderate,32.0,7.0,warm,23.6,0.41
2016-09-20,1,no_rain,22.4,0.0,mild,16.52,0.0
2016-07-20,1,no_rain,16.7,0.0,cold,13.11,0.0
2016-06-20,1,no_rain,14.3,0.0,heavy_cold,12.87,0.0
2021-03-20,1,no_rain,28.8,0.0,warm,25.01,0.0
2021-02-20,1,no_rain,31.6,0.2,warm,26.05,0.01
2021-09-02,1,no_rain,24.4,0.0,mild,20.44,0.0
2019-09-02,1,weak,17.1,1.2,cold,15.2,0.05
2021-08-02,1,no_rain,18.5,0.0,cold,15.8,0.0
2019-08-02,1,weak,17.7,2.2,cold,15.54,0.27
2018-08-02,1,weak,15.6,1.4,cold,14.09,0.14
2017-08-02,1,no_rain,26.9,0.0,mild,19.77,0.0
2021-07-02,1,no_rain,22.2,0.2,mild,17.05,0.01
2019-07-02,1,moderate,15.4,3.4,cold,14.6,0.68
2021-06-02,1,no_rain,25.1,0.2,mild,19.13,0.01
2020-06-02,1,weak,17.9,1.4,cold,14.98,0.19
2017-06-02,1,no_rain,22.9,0.0,mild,17.6,0.0
2019-05-02,1,no_rain,25.2,0.2,mild,21.92,0.02
2018-05-02,1,no_rain,24.3,0.0,mild,21.83,0.0
2017-05-02,1,no_rain,22.3,1.0,mild,19.16,0.09
2019-04-02,1,no_rain,29.2,0.2,warm,22.62,0.01
2018-04-02,1,no_rain,31.1,0.0,warm,25.56,0.0
2018-03-02,1,heavy,28.6,45.0,warm,24.53,2.28
2017-03-02,1,no_rain,31.5,0.2,warm,25.55,0.02
2018-02-02,1,no_rain,28.6,0.0,warm,23.08,0.0
2017-02-02,1,moderate,29.7,7.8,warm,24.35,0.57
2021-12-02,1,no_rain,22.9,0.0,mild,21.62,0.0
2020-12-02,1,no_rain,23.9,0.2,heavy_cold,20.06,0.01
2018-11-02,1,no_rain,22.1,0.0,mild,20.25,0.0
2019-10-02,1,no_rain,25.6,0.0,mild,21.36,0.0
2018-10-02,1,weak,26.3,1.4,mild,22.02,0.08
2017-10-02,1,no_rain,25.7,1.0,mild,21.66,0.08
2019-09-19,1,moderate,19.6,5.8,cold,17.53,1.27
2017-09-19,1,no_rain,23.0,0.0,mild,20.75,0.0
2021-08-19,1,no_rain,27.4,0.0,warm,20.62,0.0
2019-08-19,1,moderate,16.9,2.6,cold,13.35,0.15
2021-07-19,1,no_rain,18.5,0.0,cold,13.77,0.0
2019-07-19,1,no_rain,20.5,0.2,cold,17.08,0.01
2018-07-19,1,no_rain,26.6,0.0,mild,18.5,0.0
2017-07-19,1,no_rain,17.0,0.2,cold,8.94,0.01
2019-06-19,1,no_rain,26.4,0.0,mild,20.16,0.0
2018-06-19,1,no_rain,20.0,0.4,cold,16.78,0.05
2017-06-19,1,weak,19.0,1.6,cold,15.58,0.4
2021-05-19,1,no_rain,20.4,0.0,cold,16.82,0.0
2017-05-19,1,moderate,20.5,8.4,cold,19.03,2.25
2021-04-19,1,weak,24.7,2.0,mild,21.5,0.23
2018-04-19,1,no_rain,28.2,0.2,warm,20.98,0.01
2017-04-19,1,moderate,24.6,5.4,mild,20.5,0.39
2019-03-19,1,no_rain,29.4,0.4,warm,24.53,0.03
2018-03-19,1,no_rain,33.9,0.0,heavy_warm,26.75,0.0
2019-02-19,1,heavy,31.7,17.0,warm,24.75,0.72
2018-02-19,1,moderate,26.6,3.6,mild,23.63,0.27
2021-11-19,1,no_rain,22.2,0.0,mild,20.45,0.0
2019-11-19,1,no_rain,26.5,0.0,mild,21.23,0.0
2018-11-19,1,no_rain,24.5,0.0,mild,20.55,0.0
2021-10-19,1,no_rain,21.7,0.2,cold,18.57,0.01
2019-10-19,1,no_rain,22.7,0.0,mild,21.28,0.0
2018-10-19,1,no_rain,26.2,0.0,mild,21.55,0.0
2017-10-19,1,no_rain,26.5,0.0,mild,23.48,0.0
2016-10-19,1,moderate,23.4,8.0,mild,21.34,0.5
2016-09-19,1,no_rain,20.3,0.2,cold,18.06,0.01
2016-08-19,1,heavy,16.2,11.6,cold,14.25,1.15
2016-07-19,1,no_rain,16.4,0.0,cold,11.61,0.0
2021-03-19,1,no_rain,27.1,0.0,warm,24.45,0.0
2021-02-19,1,no_rain,30.7,0.0,warm,25.18,0.0
2019-09-18,1,moderate,19.5,6.0,cold,18.79,0.93
2017-09-18,1,no_rain,23.1,0.0,mild,20.36,0.0
2021-08-18,1,no_rain,24.0,0.0,mild,19.04,0.0
2018-08-18,1,no_rain,19.1,0.2,cold,15.85,0.01
2017-08-18,1,no_rain,22.5,0.2,mild,16.74,0.01
2019-07-18,1,no_rain,17.5,1.0,cold,14.09,0.16
2018-07-18,1,no_rain,26.1,0.0,mild,19.98,0.0
2017-07-18,1,weak,14.6,2.0,heavy_cold,9.02,0.3
2021-06-18,1,no_rain,17.0,0.0,cold,14.45,0.0
2019-06-18,1,no_rain,25.0,0.2,mild,19.89,0.01
2018-06-18,1,no_rain,20.3,0.2,cold,16.19,0.01
2017-06-18,1,no_rain,27.8,0.2,warm,19.47,0.02
2021-05-18,1,no_rain,21.1,0.2,cold,17.38,0.01
2018-05-18,1,moderate,24.3,6.4,mild,19.79,0.35
2017-05-18,1,moderate,22.1,3.2,mild,19.09,0.3
2019-04-18,1,no_rain,28.1,0.2,warm,20.95,0.01
2018-04-18,1,no_rain,26.5,0.8,mild,20.87,0.04
2017-04-18,1,moderate,23.3,4.2,mild,20.32,0.44
2019-03-18,1,moderate,29.4,9.8,warm,24.59,0.52
2019-02-18,1,moderate,30.1,6.8,warm,24.72,0.75
2021-11-18,1,heavy,20.7,10.2,cold,19.68,2.87
2020-11-18,1,no_rain,23.9,0.2,heavy_cold,20.06,0.01
2019-11-18,1,no_rain,25.9,0.0,mild,20.58,0.0
2016-11-18,1,heavy,24.4,12.0,mild,19.53,0.51
2020-10-18,1,no_rain,24.4,0.0,mild,20.2,0.0
2019-10-18,1,moderate,30.9,3.8,warm,23.82,0.52
2018-10-18,1,weak,25.7,2.2,mild,22.55,0.2
2017-10-18,1,no_rain,28.3,0.0,warm,22.77,0.0
2016-10-18,1,moderate,29.3,2.8,warm,22.83,0.21
2020-09-18,1,no_rain,28.2,0.0,warm,20.8,0.0
2016-09-18,1,weak,21.5,1.8,cold,19.82,0.15
2016-08-18,1,no_rain,18.4,0.6,cold,16.21,0.06
2016-07-18,1,no_rain,17.0,0.0,cold,9.26,0.0
2021-03-18,1,no_rain,27.1,0.0,warm,25.8,0.0
2022-02-18,0,no_rain,23.9,0.2,heavy_cold,20.06,0.01
2021-02-18,1,no_rain,30.1,0.0,warm,25.06,0.0
2021-09-17,1,weak,17.3,1.2,cold,15.64,0.6
2019-09-17,1,no_rain,23.9,0.2,mild,20.54,0.01
2021-08-17,1,no_rain,22.3,0.2,mild,18.42,0.01
2018-08-17,1,no_rain,19.9,0.6,cold,16.69,0.02
2017-08-17,1,no_rain,21.8,0.2,cold,16.32,0.01
2019-07-17,1,no_rain,17.1,0.2,cold,11.24,0.01
2018-07-17,1,no_rain,23.7,0.0,mild,20.22,0.0
2017-07-17,1,moderate,17.2,3.2,cold,14.83,0.32
2021-06-17,1,no_rain,16.5,0.6,cold,14.31,0.02
2019-06-17,1,no_rain,24.2,0.0,mild,20.8,0.0
2017-06-17,1,no_rain,24.9,0.0,mild,19.0,0.0
2021-05-17,1,no_rain,24.1,0.0,mild,19.83,0.0
2019-05-17,1,weak,23.9,1.2,mild,19.3,0.05
2018-05-17,1,no_rain,22.7,0.0,mild,19.05,0.0
2017-05-17,1,no_rain,23.5,0.2,mild,17.64,0.01
2019-04-17,1,no_rain,27.5,0.0,warm,21.81,0.0
2018-04-17,1,weak,24.3,1.8,mild,20.33,0.15
2017-04-17,1,no_rain,23.6,0.0,mild,21.13,0.0
2017-03-17,1,no_rain,24.2,0.0,mild,22.83,0.0
2017-02-17,1,no_rain,30.6,0.0,warm,25.99,0.0
2021-12-17,1,no_rain,27.7,0.2,warm,25.17,0.02
2021-11-17,1,no_rain,26.2,0.0,mild,22.97,0.0
2017-11-17,1,moderate,26.8,9.0,mild,22.11,0.67
2016-11-17,1,heavy,25.8,10.8,mild,22.11,0.45
2019-10-17,1,no_rain,24.5,0.8,mild,21.89,0.11
2018-10-17,1,weak,23.6,1.4,mild,21.39,0.22
2017-10-17,1,no_rain,24.9,0.0,mild,20.16,0.0
2016-10-17,1,weak,30.2,2.4,warm,23.58,0.29
2020-09-17,1,moderate,20.7,3.2,cold,19.11,0.38
2016-09-17,1,no_rain,23.3,0.2,mild,18.97,0.02
2016-08-17,1,heavy,27.3,14.6,warm,17.75,0.69
2022-02-17,0,no_rain,23.9,0.2,heavy_cold,20.06,0.01
2021-02-17,1,no_rain,29.0,0.0,warm,24.35,0.0
2021-09-16,1,no_rain,18.1,0.0,cold,16.66,0.0
2019-09-16,1,no_rain,25.3,0.2,mild,21.1,0.02
2021-08-16,1,no_rain,20.3,0.4,cold,18.04,0.03
2017-08-16,1,no_rain,22.4,0.0,mild,17.98,0.0
2021-07-16,1,no_rain,18.7,0.6,cold,17.36,0.03
2019-07-16,1,no_rain,18.9,0.2,cold,14.35,0.01
2021-06-16,1,no_rain,18.3,0.0,cold,16.08,0.0
2017-06-16,1,no_rain,23.1,0.0,mild,18.28,0.0
2019-05-16,1,moderate,23.3,6.0,mild,19.86,0.39
2018-05-16,1,no_rain,24.5,1.0,mild,20.78,0.04
2017-05-16,1,no_rain,23.6,0.2,mild,17.45,0.01
2021-04-16,1,no_rain,26.1,0.2,mild,22.42,0.01
2019-04-16,1,weak,26.6,1.8,mild,22.83,0.08
2018-04-16,1,no_rain,24.8,1.0,mild,21.11,0.1
2020-03-16,1,moderate,30.1,2.6,warm,24.92,0.12
2018-03-16,1,no_rain,27.0,0.0,mild,23.33,0.0
2017-03-16,1,weak,28.7,1.2,warm,24.99,0.11
2018-02-16,1,no_rain,26.3,0.0,mild,22.08,0.0
2017-02-16,1,no_rain,31.1,0.0,warm,26.69,0.0
2021-12-16,1,no_rain,28.0,0.2,warm,25.19,0.05
2020-12-16,1,no_rain,23.9,0.2,heavy_cold,20.06,0.01
2016-12-16,1,weak,22.7,1.4,mild,19.41,0.11
2021-11-16,1,no_rain,26.1,0.6,mild,22.92,0.05
2018-11-16,1,no_rain,28.3,0.0,warm,23.17,0.0
2017-11-16,1,no_rain,33.6,0.2,heavy_warm,25.36,0.01
2016-11-16,1,heavy,26.5,22.2,mild,21.89,1.73
2020-10-16,1,no_rain,25.2,0.0,mild,19.64,0.0
2019-10-16,1,weak,21.5,1.2,cold,18.8,0.18
2018-10-16,1,no_rain,21.2,1.0,cold,19.34,0.18
2017-10-16,1,no_rain,22.4,0.0,mild,19.51,0.0
2020-09-16,1,no_rain,22.1,0.0,mild,17.63,0.0
2016-09-16,1,no_rain,21.0,0.0,cold,16.47,0.0
2016-08-16,1,no_rain,26.8,0.0,mild,18.59,0.0
2018-07-16,1,no_rain,26.7,0.2,mild,19.75,0.01
2021-03-16,1,no_rain,29.2,0.0,warm,26.22,0.0
2022-02-16,0,no_rain,23.9,0.2,heavy_cold,20.06,0.01
2021-09-15,1,no_rain,20.7,0.0,cold,18.55,0.0
2017-09-15,1,no_rain,27.8,0.0,warm,21.68,0.0
2018-08-15,1,no_rain,20.6,0.0,cold,15.21,0.0
2017-08-15,1,no_rain,18.6,0.2,cold,15.87,0.01
2021-07-15,1,weak,20.6,1.2,cold,19.05,0.08
2019-07-15,1,weak,17.1,1.8,cold,15.68,0.6
2018-06-15,1,weak,13.3,1.2,heavy_cold,12.02,0.14
2017-06-15,1,no_rain,23.5,0.0,mild,18.43,0.0
2019-05-15,1,no_rain,22.5,0.6,mild,19.22,0.06
2018-05-15,1,weak,26.8,1.6,mild,20.69,0.09
2017-05-15,1,no_rain,24.9,0.2,mild,17.7,0.01
2021-04-15,1,no_rain,26.9,0.0,mild,22.52,0.0
2019-04-15,1,no_rain,30.7,0.0,warm,25.0,0.0
2019-03-15,1,weak,27.3,2.2,warm,24.63,0.11
2018-03-15,1,no_rain,28.5,0.2,warm,24.42,0.01
2017-03-15,1,weak,25.8,2.0,mild,22.84,0.22
2019-02-15,1,moderate,22.7,8.2,mild,20.61,1.13
2018-02-15,1,no_rain,24.3,0.8,mild,20.72,0.11
2017-02-15,1,no_rain,30.8,0.2,warm,26.92,0.01
2021-12-15,1,no_rain,29.0,0.6,warm,24.67,0.34
2017-12-15,1,weak,28.7,1.8,warm,24.48,0.13
2016-12-15,1,no_rain,23.4,0.0,mild,20.66,0.0
2018-11-15,1,no_rain,27.3,0.0,warm,23.72,0.0
2020-10-15,1,no_rain,23.8,0.0,mild,20.1,0.0
2020-09-15,1,no_rain,17.4,0.0,cold,15.6,0.0
2016-09-15,1,no_rain,23.4,0.0,mild,15.45,0.0
2016-08-15,1,moderate,20.2,5.2,cold,16.38,0.41
2016-07-15,1,weak,22.8,1.6,mild,18.84,0.14
2022-02-15,0,no_rain,23.9,0.2,heavy_cold,20.06,0.01
2021-09-14,1,moderate,22.5,4.8,mild,21.28,0.68
2017-09-14,1,moderate,25.8,2.6,mild,22.02,0.11
2019-08-14,1,no_rain,18.0,0.0,cold,12.44,0.0
2018-08-14,1,no_rain,23.7,0.0,mild,16.12,0.0
2017-08-14,1,no_rain,22.6,0.2,mild,18.82,0.02
2021-07-14,1,no_rain,25.4,0.0,mild,20.07,0.0
2017-07-14,1,no_rain,23.2,0.0,mild,18.66,0.0
2021-06-14,1,no_rain,22.3,0.0,mild,15.78,0.0
2019-06-14,1,no_rain,28.9,0.2,warm,20.52,0.01
2018-06-14,1,no_rain,16.6,0.4,cold,11.91,0.02
2017-06-14,1,no_rain,23.1,0.2,mild,15.55,0.03
2019-05-14,1,moderate,25.0,5.2,mild,20.84,0.29
2018-05-14,1,no_rain,24.4,0.0,mild,18.66,0.0
2021-04-14,1,no_rain,24.7,0.0,mild,22.33,0.0
2019-03-14,1,heavy,30.5,11.4,warm,24.37,0.48
2018-03-14,1,moderate,25.6,2.6,mild,24.11,0.24
2017-03-14,1,no_rain,26.9,0.0,mild,22.18,0.0
2019-02-14,1,no_rain,26.0,0.0,mild,22.37,0.0
2017-02-14,1,no_rain,29.0,0.0,warm,26.73,0.0
2021-12-14,1,no_rain,28.1,0.0,warm,25.29,0.0
2017-12-14,1,no_rain,29.2,0.0,warm,24.54,0.0
2016-12-14,1,moderate,23.9,8.0,mild,21.98,0.56
2019-11-14,1,moderate,24.4,3.8,mild,22.31,0.94
2018-11-14,1,no_rain,29.8,0.2,warm,25.2,0.01
2017-11-14,1,no_rain,27.8,0.2,warm,20.44,0.01
2020-10-14,1,no_rain,25.1,0.0,mild,20.28,0.0
2019-10-14,1,heavy,27.7,11.8,warm,23.04,0.52
2016-10-14,1,no_rain,25.5,0.2,mild,20.97,0.01
2020-09-14,1,no_rain,26.6,0.0,mild,20.34,0.0
2016-09-14,1,no_rain,25.8,0.0,mild,20.01,0.0
2016-07-14,1,moderate,19.6,8.0,cold,17.51,1.45
2021-05-14,1,no_rain,21.9,0.0,cold,16.55,0.0
2022-02-14,0,no_rain,23.9,0.2,heavy_cold,20.06,0.01
2021-02-14,1,heavy,31.6,19.4,warm,24.78,1.52
2021-09-13,1,no_rain,23.9,0.0,mild,21.88,0.0
2019-09-13,1,no_rain,21.1,0.6,cold,18.78,0.03
2017-09-13,1,no_rain,24.7,0.0,mild,20.8,0.0
2021-08-13,1,no_rain,16.1,0.6,cold,13.92,0.09
2019-08-13,1,moderate,19.8,3.2,cold,16.77,0.19
2018-08-13,1,no_rain,21.7,0.2,cold,14.43,0.01
2021-07-13,1,no_rain,22.7,0.0,mild,19.49,0.0
2018-07-13,1,no_rain,21.6,0.2,cold,11.85,0.01
2017-07-13,1,no_rain,22.4,0.2,mild,17.08,0.01
2019-06-13,1,no_rain,27.3,0.0,warm,20.32,0.0
2018-06-13,1,moderate,22.0,3.4,cold,18.38,0.16
2017-06-13,1,no_rain,22.0,0.2,cold,15.08,0.01
2019-05-13,1,no_rain,21.7,0.8,cold,20.35,0.04
2021-04-13,1,no_rain,25.3,0.0,mild,22.39,0.0
2018-04-13,1,no_rain,29.0,0.2,warm,23.5,0.01
2017-04-13,1,no_rain,23.9,0.0,mild,20.37,0.0
2020-03-13,1,no_rain,30.3,0.0,warm,24.27,0.0
2019-03-13,1,moderate,30.9,8.2,warm,24.21,0.38
2018-03-13,1,no_rain,27.5,0.0,warm,23.61,0.0
2017-03-13,1,no_rain,27.1,0.2,warm,23.11,0.01
2018-02-13,1,no_rain,25.7,0.2,mild,21.64,0.01
2017-02-13,1,moderate,29.1,4.6,warm,24.49,0.46
2021-12-13,1,no_rain,29.0,0.0,warm,25.02,0.0
2019-12-13,1,no_rain,26.9,0.0,mild,22.85,0.0
2017-12-13,1,no_rain,26.5,0.0,mild,21.52,0.0
2016-12-13,1,no_rain,34.2,0.0,heavy_warm,24.89,0.0
2018-11-13,1,no_rain,27.3,0.2,warm,24.11,0.03
2017-11-13,1,no_rain,27.6,0.0,warm,19.55,0.0
2020-10-13,1,no_rain,23.9,0.0,mild,20.13,0.0
2016-10-13,1,heavy,24.2,12.0,mild,21.25,0.78
2016-09-13,1,weak,28.1,1.8,warm,21.84,0.12
2016-07-13,1,no_rain,20.2,0.4,cold,17.75,0.03
2021-05-13,1,no_rain,22.2,0.2,mild,15.85,0.01
2021-03-13,1,no_rain,28.6,0.0,warm,25.66,0.0
2021-02-13,1,no_rain,30.0,0.2,warm,24.84,0.03
2021-09-12,1,no_rain,25.1,0.0,mild,19.97,0.0
2019-09-12,1,no_rain,24.1,1.0,mild,19.33,0.04
2017-09-12,1,no_rain,25.1,0.0,mild,21.3,0.0
2021-08-12,1,no_rain,14.7,0.0,heavy_cold,13.37,0.0
2019-08-12,1,no_rain,24.7,0.0,mild,18.94,0.0
2021-07-12,1,no_rain,22.6,0.0,mild,17.32,0.0
2019-07-12,1,no_rain,24.3,0.2,mild,15.68,0.01
2017-07-12,1,no_rain,20.5,0.2,cold,17.4,0.01
2021-06-12,1,no_rain,19.7,0.0,cold,16.38,0.0
2018-06-12,1,moderate,23.2,5.8,mild,19.48,0.69
2017-06-12,1,no_rain,21.1,0.2,cold,13.76,0.01
2017-05-12,1,no_rain,22.6,0.2,mild,18.42,0.03
2021-04-12,1,no_rain,25.6,0.0,mild,23.77,0.0
2019-04-12,1,no_rain,30.3,0.0,warm,22.54,0.0
2018-04-12,1,no_rain,29.6,0.0,warm,22.85,0.0
2017-04-12,1,no_rain,25.4,0.0,mild,21.6,0.0
2020-03-12,1,no_rain,29.7,0.0,warm,23.8,0.0
2018-03-12,1,no_rain,26.9,0.0,mild,24.88,0.0
2018-02-12,1,moderate,25.1,3.0,mild,22.42,0.47
2017-12-12,1,no_rain,24.9,0.0,mild,21.87,0.0
2016-12-12,1,moderate,25.0,9.4,mild,21.27,0.97
2021-11-12,1,moderate,21.8,2.8,cold,18.31,0.3
2019-11-12,1,moderate,22.9,4.0,mild,20.69,0.7
2016-11-12,1,no_rain,22.4,0.0,mild,19.21,0.0
2021-10-12,1,heavy,21.4,17.6,cold,19.67,3.25
2018-10-12,1,no_rain,21.2,0.8,cold,19.12,0.07
2016-09-12,1,no_rain,23.1,0.4,mild,20.88,0.03
2016-08-12,1,no_rain,20.8,0.2,cold,13.21,0.01
2016-07-12,1,no_rain,29.2,0.0,warm,19.11,0.0
2021-05-12,1,moderate,18.3,5.4,cold,15.91,0.75
2021-03-12,1,no_rain,28.8,0.0,warm,24.21,0.0
2021-02-12,1,heavy,25.7,15.2,mild,23.22,1.38
2019-09-11,1,no_rain,26.1,0.0,mild,19.09,0.0
2017-09-11,1,no_rain,27.5,0.0,warm,21.88,0.0
2021-08-11,1,moderate,15.9,6.6,cold,14.88,0.77
2017-08-11,1,weak,19.0,1.6,cold,16.68,0.4
2019-07-11,1,no_rain,23.6,0.2,mild,14.99,0.01
2017-07-11,1,no_rain,25.4,0.2,mild,18.68,0.01
2021-06-11,1,no_rain,21.4,0.2,cold,18.47,0.01
2019-06-11,1,no_rain,24.4,0.2,mild,18.72,0.01
2018-06-11,1,no_rain,20.9,0.0,cold,17.69,0.0
2018-05-11,1,no_rain,26.5,0.0,mild,21.26,0.0
2017-05-11,1,no_rain,20.8,0.0,cold,18.92,0.0
2019-04-11,1,no_rain,28.7,0.0,warm,22.22,0.0
2018-04-11,1,no_rain,28.8,0.2,warm,23.09,0.01
2017-04-11,1,heavy,29.8,22.2,warm,24.83,1.4
2019-03-11,1,no_rain,26.8,0.0,mild,23.0,0.0
2017-12-11,1,no_rain,30.4,0.0,warm,24.75,0.0
2021-11-11,1,no_rain,22.1,0.4,mild,20.05,0.02
2020-11-11,1,no_rain,23.9,0.2,heavy_cold,20.06,0.01
2019-11-11,1,heavy,23.3,12.6,mild,21.62,2.27
2016-11-11,1,no_rain,28.4,0.0,warm,22.77,0.0
2019-10-11,1,no_rain,28.4,0.0,warm,22.43,0.0
2018-10-11,1,weak,22.9,1.2,mild,20.46,0.1
2016-10-11,1,no_rain,19.9,0.4,cold,17.81,0.02
2020-09-11,1,no_rain,26.1,0.0,mild,19.47,0.0
2016-08-11,1,no_rain,20.8,0.2,cold,13.77,0.01
2016-07-11,1,no_rain,21.5,0.0,cold,16.85,0.0
2021-05-11,1,no_rain,21.5,0.2,cold,18.95,0.02
2021-03-11,1,no_rain,27.6,0.0,warm,23.36,0.0
2022-02-11,0,no_rain,23.9,0.2,heavy_cold,20.06,0.01
2021-02-11,1,no_rain,28.0,0.0,warm,24.3,0.0
2021-09-10,1,no_rain,22.8,0.2,mild,18.98,0.01
2019-09-10,1,no_rain,26.6,0.2,mild,20.05,0.01
2021-08-10,1,weak,21.7,1.2,cold,18.16,0.05
2018-08-10,1,no_rain,19.5,0.0,cold,15.07,0.0
2017-08-10,1,no_rain,21.6,0.0,cold,16.42,0.0
2019-07-10,1,no_rain,21.4,0.2,cold,14.66,0.01
2017-07-10,1,no_rain,24.2,0.0,mild,19.22,0.0
2021-06-10,1,heavy,22.8,24.6,mild,20.1,1.85
2019-06-10,1,no_rain,23.6,0.2,mild,18.34,0.01
2019-05-10,1,no_rain,25.1,0.0,mild,21.47,0.0
2018-05-10,1,no_rain,25.7,0.2,mild,21.11,0.02
2017-05-10,1,no_rain,22.4,0.2,mild,20.11,0.01
2019-04-10,1,no_rain,26.1,0.0,mild,20.42,0.0
2018-04-10,1,moderate,28.0,6.4,warm,23.22,0.28
2017-04-10,1,weak,26.9,2.2,mild,24.1,0.14
2017-02-10,1,moderate,29.2,4.6,warm,24.97,0.21
2021-11-10,1,no_rain,23.9,0.0,mild,19.96,0.0
2019-11-10,1,moderate,24.3,4.2,mild,22.7,0.42
2017-11-10,1,heavy,26.6,22.2,mild,21.54,1.17
2016-11-10,1,moderate,30.4,4.0,warm,23.56,0.25
2019-10-10,1,no_rain,25.5,0.0,mild,20.69,0.0
2018-10-10,1,weak,26.4,1.2,mild,22.7,0.06
2016-10-10,1,no_rain,21.3,0.0,cold,17.71,0.0
2020-09-10,1,no_rain,26.8,0.4,mild,21.47,0.03
2016-08-10,1,no_rain,20.3,0.2,cold,15.35,0.01
2021-05-10,1,weak,22.0,2.2,cold,19.5,0.7
2022-02-10,0,no_rain,23.9,0.2,heavy_cold,20.06,0.01
2021-02-10,1,weak,28.9,2.2,warm,24.9,0.09
2021-09-01,1,no_rain,23.1,0.0,mild,20.33,0.0
2017-09-01,1,no_rain,21.0,1.0,cold,18.11,0.06
2019-08-01,1,no_rain,23.9,0.0,mild,19.08,0.0
2018-08-01,1,no_rain,17.8,0.0,cold,13.54,0.0
2017-08-01,1,no_rain,26.2,0.0,mild,19.98,0.0
2021-07-01,1,no_rain,19.0,0.0,cold,13.58,0.0
2019-07-01,1,moderate,20.5,3.2,cold,17.82,0.48
2021-06-01,1,no_rain,23.4,0.2,mild,16.64,0.01
2020-06-01,1,moderate,19.1,2.8,cold,16.72,0.26
2017-06-01,1,moderate,23.3,2.8,mild,19.14,0.43
2018-05-01,1,no_rain,23.8,0.0,mild,22.18,0.0
2017-05-01,1,moderate,23.0,3.8,mild,17.56,0.17
2019-04-01,1,no_rain,27.3,0.0,warm,22.81,0.0
2018-03-01,1,no_rain,29.9,0.0,warm,25.15,0.0
2018-02-01,1,no_rain,27.6,0.2,warm,23.07,0.01
2017-02-01,1,no_rain,25.8,0.2,mild,23.2,0.04
2021-12-01,1,no_rain,26.5,0.0,mild,23.3,0.0
2019-11-01,1,weak,23.9,1.6,mild,22.2,0.14
2018-11-01,1,weak,25.2,1.6,mild,20.73,0.15
2017-11-01,1,no_rain,24.2,0.0,mild,20.06,0.0
2019-10-01,1,no_rain,24.1,0.0,mild,21.04,0.0
2018-10-01,1,no_rain,33.8,0.0,heavy_warm,25.2,0.0
2021-11-09,1,no_rain,22.7,0.0,mild,19.99,0.0
2016-11-09,1,moderate,23.0,2.6,mild,21.67,0.44
2020-10-09,1,moderate,18.6,3.0,cold,18.06,0.18
2020-09-09,1,weak,20.7,1.4,cold,19.91,0.28
2016-09-09,1,no_rain,22.2,0.0,mild,16.71,0.0
2016-08-09,1,no_rain,21.0,0.4,cold,14.69,0.07
2021-03-09,1,heavy,28.7,43.4,warm,23.5,4.77
2022-02-09,0,no_rain,23.9,0.2,heavy_cold,20.06,0.01
2021-02-09,1,no_rain,28.2,0.0,warm,24.27,0.0
2021-11-08,1,no_rain,22.5,0.0,mild,19.73,0.0
2016-11-08,1,no_rain,26.9,0.0,mild,23.17,0.0
2020-10-08,1,no_rain,20.6,1.0,cold,19.69,0.08
2020-09-08,1,no_rain,19.7,1.0,cold,18.4,0.18
2016-09-08,1,no_rain,23.3,0.0,mild,16.52,0.0
2016-08-08,1,moderate,15.3,6.6,cold,12.24,0.79
2016-07-08,1,no_rain,20.2,0.0,cold,12.26,0.0
2022-02-08,0,no_rain,23.9,0.2,heavy_cold,20.06,0.01
2021-02-08,1,no_rain,27.1,0.0,warm,24.4,0.0
2016-11-07,1,no_rain,26.5,0.0,mild,22.17,0.0
2016-10-07,1,no_rain,21.0,0.0,cold,17.18,0.0
2016-07-07,1,no_rain,20.2,0.0,cold,15.74,0.0
2022-02-07,0,no_rain,23.9,0.2,heavy_cold,20.06,0.01
2020-10-06,1,no_rain,22.2,0.0,mild,20.63,0.0
2016-10-06,1,heavy,18.3,11.2,cold,16.96,1.4
2016-09-06,1,moderate,24.4,9.4,mild,19.7,0.84
2016-07-06,1,no_rain,22.1,0.2,mild,17.17,0.02
2021-03-06,1,weak,28.0,2.2,warm,23.32,0.16
2020-10-05,1,weak,21.5,1.4,cold,19.62,0.34
2016-10-05,1,no_rain,20.7,0.2,cold,17.56,0.01
2016-09-05,1,no_rain,22.2,0.2,mild,18.06,0.01
2016-08-05,1,no_rain,22.5,0.0,mild,19.06,0.0
2016-07-05,1,no_rain,21.7,0.0,cold,17.1,0.0
2021-06-05,1,no_rain,24.9,0.0,mild,22.35,0.0
2021-03-05,1,heavy,27.3,16.2,warm,23.96,1.11
2021-11-04,1,no_rain,25.9,0.4,mild,23.15,0.02
2016-11-04,1,no_rain,24.1,0.0,mild,19.77,0.0
2016-10-04,1,no_rain,22.4,0.2,mild,18.07,0.02
2016-08-04,1,no_rain,19.4,0.4,cold,16.84,0.04
2016-07-04,1,no_rain,18.0,0.2,cold,16.16,0.01
2021-06-04,1,no_rain,24.4,0.0,mild,20.2,0.0
2021-03-04,1,no_rain,29.0,0.6,warm,24.82,0.04
2022-02-04,0,no_rain,23.9,0.2,heavy_cold,20.06,0.01
2021-11-03,1,moderate,25.8,3.6,mild,22.9,0.35
2016-11-03,1,no_rain,24.1,0.2,mild,19.38,0.03
2016-10-03,1,weak,19.9,1.4,cold,17.38,0.23
2016-08-03,1,weak,18.0,1.8,cold,15.36,0.28
2021-07-03,1,no_rain,20.2,0.0,cold,14.62,0.0
2021-03-03,1,heavy,29.8,12.4,warm,25.12,0.91
2022-02-03,0,no_rain,23.9,0.2,heavy_cold,20.06,0.01
2021-02-03,1,no_rain,31.0,0.0,warm,28.01,0.0
2016-12-02,1,weak,23.6,1.6,mild,20.91,0.25
2016-11-02,1,no_rain,29.9,0.2,warm,23.7,0.01
2020-10-02,1,no_rain,35.4,0.0,heavy_warm,24.5,0.0
2016-09-02,1,no_rain,21.2,0.0,cold,17.81,0.0
2016-08-02,1,no_rain,20.7,0.2,cold,17.26,0.03
2021-03-02,1,heavy,29.2,19.8,warm,24.66,1.69
2022-02-02,0,no_rain,23.9,0.2,heavy_cold,20.06,0.01
2016-12-01,1,no_rain,24.9,0.2,mild,20.54,0.01
2021-11-01,1,weak,23.6,2.0,mild,21.51,0.15
2016-11-01,1,no_rain,25.4,0.0,mild,22.24,0.0
2020-10-01,1,no_rain,33.4,0.2,heavy_warm,24.99,0.01
2016-09-01,1,no_rain,21.4,0.0,cold,17.0,0.0
2016-08-01,1,no_rain,26.9,0.0,mild,19.93,0.0
2016-07-01,1,no_rain,17.6,0.0,cold,16.06,0.0
2021-03-01,1,heavy,24.6,32.8,mild,22.55,4.22
2022-02-01,0,no_rain,23.9,0.2,heavy_cold,20.06,0.01
